{
  "timestamp": "2025-09-28T07:34:10.419695",
  "config": {
    "host": "127.0.0.1",
    "port": 6379,
    "cpu_affinity": 2,
    "sample_count": 2000,
    "pipeline_size": 1
  },
  "network_info": {
    "client_host": "ai-trading-station",
    "redis_host": "127.0.0.1",
    "redis_port": 6379,
    "is_loopback": true,
    "cpu_affinity": 2
  },
  "tests": {
    "ping": {
      "metrics": {
        "p50": 8.975000127975363,
        "p95": 9.317999683844391,
        "p99": 9.866999789664987,
        "p99_9": 18.48399915616028,
        "jitter": 0.8919996616896242,
        "tail_span": 8.616999366495293,
        "stability_index": 0.05564002407252877,
        "sample_count": 2000,
        "min_latency": 8.643000001029577,
        "max_latency": 28.24400053214049
      },
      "raw_latencies": [
        28.24400053214049,
        18.48399915616028,
        18.367999473412056,
        13.933999980508815,
        12.018000234093051,
        11.107000318588689,
        10.278999980073422,
        9.829000191530213,
        9.734000741445925,
        9.575999683875125,
        10.367999493610114,
        9.866999789664987,
        10.022000424214639,
        9.589000001142267,
        9.409000085724983,
        9.493999641563278,
        9.22599974728655,
        9.186000170302577,
        9.38199991651345,
        9.218000741384458,
        9.166999916487839,
        9.189000593323726,
        9.24199957808014,
        9.030999535752926,
        9.172000318358187,
        9.714999578136485,
        9.266000233765226,
        9.170999874186236,
        9.201000466418918,
        9.185999260807876,
        9.615000635676552,
        9.565999789629132,
        9.72600082604913,
        9.056999260792509,
        9.186000170302577,
        9.16800036065979,
        9.30299938772805,
        9.33699993765913,
        9.155000043392647,
        9.192000106850173,
        9.026999578054529,
        9.614000191504601,
        9.299000339524355,
        9.364000106870662,
        9.340000360680278,
        9.095000677916687,
        9.514000339549966,
        9.02700048754923,
        9.379999937664252,
        9.141000191448256,
        9.092000254895538,
        9.191000572172925,
        9.317000149167143,
        9.143000170297455,
        8.904999958758708,
        9.128000783675816,
        9.909000254992861,
        9.350000254926272,
        8.967000212578569,
        9.065999620361254,
        9.092000254895538,
        8.999000783660449,
        8.935999176173937,
        9.10400012799073,
        9.106999641517177,
        9.2290001703077,
        9.110000064538326,
        8.887999683793169,
        9.1479996626731,
        9.159000001091044,
        9.36699962039711,
        9.202000001096167,
        9.22599974728655,
        9.030000001075678,
        9.2269992819638,
        9.211000360664912,
        9.159000001091044,
        9.082999895326793,
        9.18200021260418,
        9.173000762530137,
        9.171999408863485,
        9.190999662678223,
        9.004999810713343,
        8.912000339478254,
        9.129999853030313,
        9.168999895337038,
        8.98200050869491,
        8.978999176179059,
        9.069000043382403,
        9.112000043387525,
        8.801000149105676,
        9.042999408848118,
        9.152999155048747,
        9.05599972611526,
        9.13399981072871,
        9.126999430009164,
        8.925000656745397,
        9.217999831889756,
        9.011000656755641,
        9.035000402946025
      ]
    },
    "get": {
      "metrics": {
        "p50": 9.179000699077733,
        "p95": 9.481999768468086,
        "p99": 9.860999853117391,
        "p99_9": 18.22600006562425,
        "jitter": 0.6819991540396586,
        "tail_span": 8.365000212506857,
        "stability_index": 0.03843424503545563,
        "sample_count": 2000,
        "min_latency": 8.881999747245573,
        "max_latency": 20.24200057348935
      },
      "raw_latencies": [
        20.24200057348935,
        14.31500004400732,
        11.38600055128336,
        10.058999578177463,
        9.783000677998643,
        9.760000466485508,
        9.663999662734568,
        9.434999810764566,
        9.460999535804149,
        9.379999937664252,
        9.540999599266797,
        9.557000339555088,
        9.502000466454774,
        9.358999705000315,
        9.417999535799026,
        9.200999556924216,
        9.375999979965854,
        9.242000487574842,
        9.137999768427107,
        9.242000487574842,
        9.33699993765913,
        9.151999620371498,
        9.429999408894219,
        9.30299938772805,
        9.325000064563937,
        9.301000318373553,
        9.420000424142927,
        9.236000551027246,
        9.546000001137145,
        9.077999493456446,
        9.21099945117021,
        9.312000656791497,
        9.504999979981221,
        9.157000022241846,
        9.21099945117021,
        10.727999324444681,
        9.772999874257948,
        9.306000720243901,
        9.358999705000315,
        9.237000085704494,
        9.329000022262335,
        9.377000424137805,
        9.3039998319,
        9.112000043387525,
        9.217000297212508,
        9.359000614495017,
        9.375000445288606,
        9.121999937633518,
        9.205999958794564,
        9.157000022241846,
        9.311000212619547,
        9.268999747291673,
        9.215999853040557,
        9.256000339519233,
        9.250999937648885,
        9.280000085709617,
        9.220999345416203,
        9.393000254931394,
        9.180000233754981,
        9.180000233754981,
        9.393000254931394,
        10.044999726233073,
        9.377999958815053,
        9.297999895352405,
        9.227000191458501,
        9.227000191458501,
        9.33499995880993,
        9.235000106855296,
        9.374000001116656,
        9.203000445268117,
        9.41300004342338,
        8.969999726105016,
        9.284999578085262,
        9.143000170297455,
        9.176000276056584,
        9.301999853050802,
        9.33399951463798,
        9.299999874201603,
        8.999999408842996,
        9.087999387702439,
        9.410000529896934,
        9.247999514627736,
        9.228000635630451,
        9.284999578085262,
        9.669000064604916,
        9.637000403017737,
        9.357999260828365,
        9.444000170333311,
        9.119000424107071,
        9.246999979950488,
        9.259000762540381,
        9.084999874175992,
        9.223999768437352,
        9.289000445278361,
        9.148000572167803,
        9.052000677911565,
        9.216999387717806,
        9.169999430014286,
        9.13600069907261,
        9.219999810738955
      ]
    }
  }
}