{
  "timestamp": "2025-09-28T07:33:27.437980",
  "config": {
    "host": "127.0.0.1",
    "port": 6379,
    "cpu_affinity": 4,
    "sample_count": 5000,
    "pipeline_size": 1
  },
  "network_info": {
    "client_host": "ai-trading-station",
    "redis_host": "127.0.0.1",
    "redis_port": 6379,
    "is_loopback": true,
    "cpu_affinity": 4
  },
  "tests": {
    "ping": {
      "metrics": {
        "p50": 9.005999345390592,
        "p95": 9.403000149177387,
        "p99": 10.167000255023595,
        "p99_9": 15.984000128810294,
        "jitter": 1.1610009096330032,
        "tail_span": 5.816999873786699,
        "stability_index": 0.07514508573644514,
        "sample_count": 5000,
        "min_latency": 8.660000275995117,
        "max_latency": 33.835000067483634
      },
      "raw_latencies": [
        33.835000067483634,
        20.821999896725174,
        15.984000128810294,
        14.894999367243145,
        12.787999366992153,
        11.934000212932006,
        10.540999937802553,
        10.462999853189103,
        9.895999937725719,
        9.856999895418994,
        10.689999726309907,
        9.791000593395438,
        10.112999916600529,
        9.602999853086658,
        9.70599921856774,
        9.675000001152512,
        9.78900061454624,
        9.64599985309178,
        9.44600014918251,
        9.417000001121778,
        9.57000065682223,
        9.430999853066169,
        9.403000149177387,
        9.449000572203659,
        9.454999599256553,
        9.970000064640772,
        9.705000593385193,
        9.69400025496725,
        9.913000212691259,
        9.684999895398505,
        9.284999578085262,
        9.485999726166483,
        9.262999810744077,
        9.234000572178047,
        9.24400046642404,
        8.999999408842996,
        9.227000191458501,
        9.403000149177387,
        9.131999831879511,
        9.190000128000975,
        9.254999895347282,
        9.70800010691164,
        9.250000402971637,
        31.04799998254748,
        10.660000043571927,
        9.66300012805732,
        9.52400023379596,
        9.252999916498084,
        9.150000551017001,
        9.141000191448256,
        9.211000360664912,
        9.329000022262335,
        9.835000128077809,
        9.33399951463798,
        9.186999704979826,
        9.327000043413136,
        10.572000064712483,
        9.643000339565333,
        9.18200021260418,
        9.265000699087977,
        9.313999726145994,
        9.19700050872052,
        9.162000424112193,
        9.311999747296795,
        9.264999789593276,
        9.28999997995561,
        9.141000191448256,
        9.313000191468745,
        9.09000027604634,
        9.31999966269359,
        9.018000127980486,
        10.988000212819315,
        9.801000487641431,
        9.22799972613575,
        9.252000381820835,
        9.166999916487839,
        9.260999831894878,
        9.393999789608642,
        9.09100072021829,
        9.076999958779197,
        9.112000043387525,
        9.346999831905123,
        9.27400014916202,
        9.206000868289266,
        9.052000677911565,
        9.177000720228534,
        9.176000276056584,
        9.014000170282088,
        9.035000402946025,
        9.121999937633518,
        9.07199955690885,
        9.194000085699372,
        9.344000318378676,
        9.170999874186236,
        9.01200019143289,
        9.076999958779197,
        9.27400014916202,
        9.073999535758048,
        9.696999768493697,
        9.272000170312822
      ]
    },
    "get": {
      "metrics": {
        "p50": 9.251999472326133,
        "p95": 9.6929998107953,
        "p99": 10.445000043546315,
        "p99_9": 12.890999641967937,
        "jitter": 1.1930005712201819,
        "tail_span": 2.445999598421622,
        "stability_index": 0.07199619239979384,
        "sample_count": 5000,
        "min_latency": 8.821000847092364,
        "max_latency": 45.83999998430954
      },
      "raw_latencies": [
        45.83999998430954,
        18.491000446374528,
        12.890999641967937,
        11.346000064804684,
        10.847000339708757,
        10.587000360828824,
        10.509000276215374,
        9.876000149233732,
        9.815000339585822,
        10.043999282061122,
        10.087999726238195,
        10.500999451323878,
        9.812999451241922,
        9.624000085750595,
        10.146000022359658,
        9.651999789639376,
        9.374999535793904,
        9.485000191489235,
        9.639000381866936,
        9.761999535840005,
        9.649999810790177,
        9.501000022282824,
        9.8489999800222,
        9.790000149223488,
        9.514999874227215,
        9.604000297258608,
        9.712000064610038,
        10.087999726238195,
        9.390000741404947,
        9.456999578105751,
        9.500000487605575,
        12.839000191888772,
        9.327000043413136,
        9.176999810733832,
        9.19800004339777,
        9.281000529881567,
        9.415999556949828,
        9.836000572249759,
        9.549999958835542,
        9.330000466434285,
        9.458000022277702,
        9.627000508771744,
        9.653999768488575,
        10.193999514740426,
        9.948000297299586,
        9.406000572198536,
        9.39900019147899,
        9.989999853132758,
        9.690999831946101,
        9.684000360721257,
        9.397000212629791,
        9.33699993765913,
        9.577000128047075,
        9.530000170343556,
        9.276999662688468,
        9.36900050874101,
        9.340000360680278,
        9.715000487631187,
        9.650999345467426,
        9.516000318399165,
        9.375999979965854,
        9.61499972618185,
        9.526999747322407,
        9.52400023379596,
        9.319000128016341,
        9.256999874196481,
        9.479999789618887,
        9.503999535809271,
        9.296999451180454,
        9.348000276077073,
        9.348000276077073,
        9.27299970499007,
        9.422999937669374,
        9.436000254936516,
        9.358000170323066,
        9.29200086829951,
        9.313999726145994,
        9.796999620448332,
        9.47700027609244,
        9.426999895367771,
        9.672000487626065,
        9.344000318378676,
        9.479999789618887,
        9.342999874206726,
        9.344999853055924,
        9.516999853076413,
        9.356000191473868,
        9.647999831940979,
        9.33699993765913,
        9.25599943002453,
        9.36800006456906,
        9.350000254926272,
        9.341999430034775,
        9.286999556934461,
        9.53599919739645,
        9.420999958820175,
        9.28999997995561,
        9.313000191468745,
        9.485999726166483,
        9.504999979981221
      ]
    }
  }
}