{
  "timestamp": "2025-09-28T07:34:29.292603",
  "config": {
    "host": "127.0.0.1",
    "port": 6379,
    "cpu_affinity": 4,
    "sample_count": 10000,
    "pipeline_size": 1
  },
  "network_info": {
    "client_host": "ai-trading-station",
    "redis_host": "127.0.0.1",
    "redis_port": 6379,
    "is_loopback": true,
    "cpu_affinity": 4
  },
  "tests": {
    "ping": {
      "metrics": {
        "p50": 9.05700017028721,
        "p95": 9.387000318383798,
        "p99": 10.059000487672165,
        "p99_9": 12.348000382189639,
        "jitter": 1.0020003173849545,
        "tail_span": 2.288999894517474,
        "stability_index": 0.06680585910219794,
        "sample_count": 10000,
        "min_latency": 8.625000191386789,
        "max_latency": 31.646000024920795
      },
      "raw_latencies": [
        31.646000024920795,
        20.139999833190814,
        15.575999896100257,
        14.487999578705058,
        12.832999345846474,
        12.348000382189639,
        11.137999536003917,
        10.572000064712483,
        10.044999726233073,
        15.554000128759071,
        11.40000040322775,
        10.32999989547534,
        10.448000466567464,
        10.054000085801817,
        9.847000001173,
        9.813999895413872,
        9.438999768462963,
        9.620000128052197,
        9.635000424168538,
        9.548999514663592,
        9.520000276097562,
        9.487000170338433,
        9.393000254931394,
        9.500000487605575,
        9.425999451195821,
        10.620000466587953,
        9.47299940889934,
        9.878000128082931,
        10.149999980058055,
        10.07899936666945,
        9.989999853132758,
        9.68100084719481,
        9.352999768452719,
        9.530999705020804,
        9.659000170358922,
        9.530000170343556,
        9.409999620402232,
        9.341999430034775,
        9.33399951463798,
        9.3080006990931,
        9.488000614510383,
        9.882000085781328,
        9.293999937654007,
        9.59899989538826,
        9.637000403017737,
        9.356000191473868,
        9.389000297232997,
        9.29100042412756,
        9.462999514653347,
        9.212000804836862,
        9.331000001111533,
        9.619000593374949,
        9.607000720279757,
        9.607000720279757,
        9.445000614505261,
        9.319000128016341,
        10.196999937761575,
        9.686000339570455,
        9.564999345457181,
        9.657000191509724,
        9.396000677952543,
        9.340000360680278,
        9.136999324255157,
        9.207999937643763,
        9.095999303099234,
        9.374000001116656,
        9.374000001116656,
        9.218000741384458,
        9.219999810738955,
        9.471999874222092,
        9.483999747317284,
        9.243999556929339,
        9.1520005298662,
        9.22599974728655,
        9.133000276051462,
        9.154000508715399,
        9.174000297207385,
        9.38199991651345,
        9.082999895326793,
        9.144999239651952,
        9.089999366551638,
        9.033999958774075,
        9.190000128000975,
        9.348999810754322,
        9.254000360670034,
        9.239000064553693,
        9.219000276061706,
        9.212999430019408,
        9.449000572203659,
        9.043999853020068,
        9.231999683834147,
        9.031999979924876,
        9.223999768437352,
        9.323999620391987,
        9.066000529855955,
        9.094999768421985,
        9.161000889434945,
        9.006999789562542,
        9.136999324255157,
        9.1520005298662
      ]
    },
    "get": {
      "metrics": {
        "p50": 9.265000699087977,
        "p95": 9.64700029726373,
        "p99": 10.267999641655479,
        "p99_9": 12.149999747634865,
        "jitter": 1.0029989425675012,
        "tail_span": 1.8820001059793867,
        "stability_index": 0.060479096811852484,
        "sample_count": 10000,
        "min_latency": 8.867999895301182,
        "max_latency": 54.09699951997027
      },
      "raw_latencies": [
        27.740999939851463,
        17.157999536721036,
        13.05699970544083,
        11.455999811005313,
        10.712999937823042,
        10.922999535978306,
        10.325999937776942,
        11.721999726432841,
        10.343000212742481,
        10.528000530030113,
        9.953000699169934,
        10.10999949357938,
        9.997999768529553,
        9.479999789618887,
        9.435999345441815,
        9.213999874191359,
        9.172000318358187,
        9.266999768442474,
        9.448000128031708,
        9.375999979965854,
        9.512999895378016,
        9.15100008569425,
        9.162000424112193,
        9.301999853050802,
        9.458000022277702,
        9.315999704995193,
        9.344999853055924,
        9.331999535788782,
        9.284999578085262,
        9.232000593328848,
        9.33699993765913,
        9.343000783701427,
        9.302000762545504,
        9.48999968386488,
        9.41500002227258,
        9.315999704995193,
        9.462999514653347,
        9.188000149151776,
        9.481000233790837,
        9.317000149167143,
        9.236000551027246,
        9.571999726176728,
        9.373000466439407,
        9.286000022257213,
        9.375999979965854,
        9.458000022277702,
        9.2290001703077,
        9.301000318373553,
        9.124999451159965,
        9.231000149156898,
        9.252999916498084,
        9.497999599261675,
        9.323000085714739,
        9.241000043402892,
        9.324000529886689,
        9.232000593328848,
        9.346000297227874,
        9.436999789613765,
        9.115000466408674,
        9.285000487579964,
        9.39900019147899,
        9.402000614500139,
        9.110000064538326,
        9.229999704984948,
        9.313000191468745,
        9.46100044529885,
        9.510000381851569,
        9.377000424137805,
        9.323999620391987,
        9.58600048761582,
        9.467000381846447,
        9.41300004342338,
        9.360000149172265,
        9.411000064574182,
        9.547999979986344,
        9.559999853081536,
        9.632999535824638,
        9.70699966273969,
        9.465999937674496,
        9.469000360695645,
        9.422999937669374,
        9.39900019147899,
        9.400999260833487,
        9.563999810779933,
        9.504999979981221,
        9.491999662714079,
        9.77300078375265,
        9.687000783742405,
        9.87699968391098,
        9.41500002227258,
        9.381000381836202,
        9.764999958861154,
        9.584000508766621,
        9.704999683890492,
        9.266999768442474,
        9.628000043448992,
        9.558999408909585,
        9.715000487631187,
        9.733999831951223,
        9.585999578121118
      ]
    },
    "qps_load": {
      "metrics": {
        "p50": 9.209000381815713,
        "p95": 9.775000762601849,
        "p99": 10.013000064645894,
        "p99_9": 18.14900042518275,
        "jitter": 0.803999682830181,
        "tail_span": 8.136000360536855,
        "stability_index": 0.02376903031134275,
        "sample_count": 100000,
        "min_latency": 8.757000614423305,
        "max_latency": 50.508000640547834
      },